product_id,current_sku,current_description
67,RFA-HIM-067,藏傳喜馬拉雅藝術相關藏品。現有資料尚未提供商品名稱與更完整的年代、材質資訊，建議以商品照片及後續補充資料確認細節。
69,RFA-AFR-069,「非洲木雕祭典用-預言鳥」為非洲部落藝術相關木雕藏品，現有資料將其題材標示為祭典用「預言鳥」。適合作為部落藝術、祭儀器物或木雕專題收藏與展示；實際用途、材質、尺寸、年代、來源與品況請以商品照片及實物為準。
56,RFA-HIM-056,「825清代中期-後藏地區風格寧瑪傳承曲果倫堡寺黃銅鑄造中古粗壯獨特金剛杵」為藏傳法器藏品，屬藏傳喜馬拉雅藝術相關收藏。器物保留宗教藝術與傳統工藝的造型特色，適合專題收藏或空間陳設；實際年代、材質、尺寸與品況請以商品標示、照片及實物為準。
84,RFA-LIF-084,「Bottega Veneta墨晶項鍊」為項鍊佩飾，品牌名稱依現有商品資料標示為Bottega Veneta。適合作為佩飾或精品收藏；實際材質、尺寸、配件、品況與品牌／真偽相關資訊請以商品實物及可提供之文件為準。
94,RFA-SIL-094,「Bottega Veneta黃玉鹿角銀編墜飾」為佩飾作品，歸於銀製品與精工藝收藏。作品著重金工、編製或裝飾細節，適合佩戴、陳設或工藝收藏；實際材質成分、尺寸與品況請以商品標示、照片及實物為準。
82,RFA-LIF-082,「LALIQUE 萊儷藍水晶限定招財貓」為生活藝術與擺飾，以造型與材質質感作為主要視覺特色。適合居家、茶席或展示空間陳設，也可作為生活藝術收藏；實際尺寸、色澤與品況請以商品照片及實物為準。
13,RFA-FUR-013,"「U,Lobi stool」為凳類家具。現有資料記載尺寸為62 × 13 × 25 cm。適合作為家具造型欣賞、空間陳設或收藏物件；實際材質、結構、承重狀況與品況請以商品照片及實物為準。"
17,RFA-FUR-017,「人獸雕飾酋長非洲椅」為家具藏品，兼具器物造型與空間陳設價值。適合作為居家或收藏空間的特色家具／物件；實際尺寸、材質、承重狀況與品況請以商品標示、照片及實物為準。
12,RFA-FUR-012,「千金出嫁椅枕」為家具藏品，兼具器物造型與空間陳設價值。適合作為居家或收藏空間的特色家具／物件；實際尺寸、材質、承重狀況與品況請以商品標示、照片及實物為準。
92,RFA-ANT-092,「原住民老鈴鐺」為台灣原住民藝術相關鈴鐺類民俗器物。適合作為原住民生活文化與金工器物專題收藏；實際族群、材質、尺寸、年代、來源與品況請以商品照片及實物為準。
35,RFA-STU-035,「古玉獸首吉祥串」為文房收藏小品，屬文房百寶與收藏雜項。其造型與材質特色適合文房陳設、案頭賞玩或專題收藏；實際年代、材質、尺寸與品況請以商品照片及實物為準。
36,RFA-STU-036,「古玉蟬」為文房收藏小品，屬文房百寶與收藏雜項。其造型與材質特色適合文房陳設、案頭賞玩或專題收藏；實際年代、材質、尺寸與品況請以商品照片及實物為準。
19,RFA-ART-019,「台灣傳統藝師-林凌老陶盤磚雕吉語」為雕刻作品，收錄於「台灣民間藝術創作」相關系列。作品適合作為空間陳設、茶席搭配或藝術收藏；實際尺寸、色澤與細節請以商品照片及實物為準。
20,RFA-ART-020,「台灣傳統藝師-林凌老陶盤磚雕星雲法語」為雕刻作品，收錄於「台灣民間藝術創作」相關系列。作品適合作為空間陳設、茶席搭配或藝術收藏；實際尺寸、色澤與細節請以商品照片及實物為準。
88,RFA-ANT-088,「台灣原住民木雕人物野豬造像-豐收」為台灣原住民藝術相關木雕造像，題材依現有資料標示為人物、野豬與「豐收」。適合作為台灣原住民藝術、木雕或民俗造型專題收藏；實際族群、材質、尺寸、年代、來源與品況請以商品照片及實物為準。
90,RFA-ANT-090,「台灣原住民檳榔籃」為台灣原住民藝術相關民俗器物。適合作為原住民生活器物與民俗文化專題收藏；實際族群、材質、尺寸、年代、來源與品況請以商品照片及實物為準。
91,RFA-ANT-091,「台灣原住民石板雕-百步蛇和山豬」為台灣原住民藝術相關石板雕刻，題材依現有資料標示為百步蛇與山豬。適合作為原住民雕刻與民俗藝術專題收藏；實際族群、材質、尺寸、年代、來源與品況請以商品照片及實物為準。
116,RFA-FUR-116,「台灣徐增德手作黑膽石泡茶台」為手作泡茶台，現有資料標示製作者為台灣藝術家徐增德，並歸於「台灣民間藝術創作」系列。適合作為茶席使用、家具工藝欣賞或空間陳設；實際石材、尺寸、重量、承重與品況請以商品照片及實物為準。
109,RFA-STU-109,現有資料可確認本件為台灣書印家陳正隆（小魚）之印作，但作品題名尚未提供。本件歸於文房百寶與印刻藝術收藏；在作品名稱、材質、尺寸與印面資訊補齊前，建議維持未公開狀態。實際細節請以商品照片、實物及後續補充資料為準。
96,RFA-STU-096,「台灣書印家陳正隆(小魚)印作-一切滿足阿彌陀(雙頭木印)」為台灣書印家陳正隆（小魚）相關文房與印章藏品，結合篆刻、器物與文人意趣。適合作為文房陳設與藝術收藏；實際材質、尺寸、印面與細節請以商品照片及實物為準。
102,RFA-STU-102,「台灣書印家陳正隆(小魚)印作-一孤舟(陶瓷畫印)」為台灣書印家陳正隆（小魚）相關文房與印章藏品，結合篆刻、器物與文人意趣。適合作為文房陳設與藝術收藏；實際材質、尺寸、印面與細節請以商品照片及實物為準。
97,RFA-STU-097,「台灣書印家陳正隆(小魚)印作-一明燈瓷(陶瓷捏偶印)」為台灣書印家陳正隆（小魚）相關文房與印章藏品，結合篆刻、器物與文人意趣。適合作為文房陳設與藝術收藏；實際材質、尺寸、印面與細節請以商品照片及實物為準。
98,RFA-STU-098,「台灣書印家陳正隆(小魚)印作-不嫌自己(獅紐壽山石印)」為台灣書印家陳正隆（小魚）相關文房與印章藏品，結合篆刻、器物與文人意趣。適合作為文房陳設與藝術收藏；實際材質、尺寸、印面與細節請以商品照片及實物為準。
108,RFA-STU-108,「台灣書印家陳正隆(小魚)印作-南無阿彌陀佛(大銅印)」為台灣書印家陳正隆（小魚）相關文房與印章藏品，結合篆刻、器物與文人意趣。適合作為文房陳設與藝術收藏；實際材質、尺寸、印面與細節請以商品照片及實物為準。
106,RFA-STU-106,「台灣書印家陳正隆(小魚)印作-古澗(陶瓷畫印)」為台灣書印家陳正隆（小魚）相關文房與印章藏品，結合篆刻、器物與文人意趣。適合作為文房陳設與藝術收藏；實際材質、尺寸、印面與細節請以商品照片及實物為準。
111,RFA-STU-111,「台灣書印家陳正隆(小魚)印作-吟罷少人聽(陶瓷印)」為台灣書印家陳正隆（小魚）相關文房與印章藏品，結合篆刻、器物與文人意趣。適合作為文房陳設與藝術收藏；實際材質、尺寸、印面與細節請以商品照片及實物為準。
104,RFA-STU-104,「台灣書印家陳正隆(小魚)印作-在目(陶瓷捏偶印)」為台灣書印家陳正隆（小魚）相關文房與印章藏品，結合篆刻、器物與文人意趣。適合作為文房陳設與藝術收藏；實際材質、尺寸、印面與細節請以商品照片及實物為準。
110,RFA-STU-110,「台灣書印家陳正隆(小魚)印作-坐千峰館(大木畫印)」為台灣書印家陳正隆（小魚）相關文房與印章藏品，結合篆刻、器物與文人意趣。適合作為文房陳設與藝術收藏；實際材質、尺寸、印面與細節請以商品照片及實物為準。
112,RFA-STU-112,「台灣書印家陳正隆(小魚)印作-月圓(陶瓷印)」為台灣書印家陳正隆（小魚）相關文房與印章藏品，結合篆刻、器物與文人意趣。適合作為文房陳設與藝術收藏；實際材質、尺寸、印面與細節請以商品照片及實物為準。
99,RFA-STU-099,「台灣書印家陳正隆(小魚)印作-月明星稀(紫檀印)」為台灣書印家陳正隆（小魚）相關文房與印章藏品，結合篆刻、器物與文人意趣。適合作為文房陳設與藝術收藏；實際材質、尺寸、印面與細節請以商品照片及實物為準。
100,RFA-STU-100,「台灣書印家陳正隆(小魚)印作-本來面目(瓷印)」為台灣書印家陳正隆（小魚）相關文房與印章藏品，結合篆刻、器物與文人意趣。適合作為文房陳設與藝術收藏；實際材質、尺寸、印面與細節請以商品照片及實物為準。
103,RFA-STU-103,「台灣書印家陳正隆(小魚)印作-林間月(陶瓷畫印)」為台灣書印家陳正隆（小魚）相關文房與印章藏品，結合篆刻、器物與文人意趣。適合作為文房陳設與藝術收藏；實際材質、尺寸、印面與細節請以商品照片及實物為準。
101,RFA-STU-101,「台灣書印家陳正隆(小魚)印作-獨坐大雄峰(大瓷印)」為台灣書印家陳正隆（小魚）相關文房與印章藏品，結合篆刻、器物與文人意趣。適合作為文房陳設與藝術收藏；實際材質、尺寸、印面與細節請以商品照片及實物為準。
115,RFA-STU-115,「台灣書印家陳正隆(小魚)印作-獨坐(陶瓷小印)」為台灣書印家陳正隆（小魚）相關文房與印章藏品，結合篆刻、器物與文人意趣。適合作為文房陳設與藝術收藏；實際材質、尺寸、印面與細節請以商品照片及實物為準。
105,RFA-STU-105,「台灣書印家陳正隆(小魚)印作-百花齋(花梨木印)」為台灣書印家陳正隆（小魚）相關文房與印章藏品，結合篆刻、器物與文人意趣。適合作為文房陳設與藝術收藏；實際材質、尺寸、印面與細節請以商品照片及實物為準。
107,RFA-STU-107,「台灣書印家陳正隆(小魚)印作-百雜碎(紫檀木印)」為台灣書印家陳正隆（小魚）相關文房與印章藏品，結合篆刻、器物與文人意趣。適合作為文房陳設與藝術收藏；實際材質、尺寸、印面與細節請以商品照片及實物為準。
114,RFA-STU-114,「台灣書印家陳正隆(小魚)印作-秋山人(陶瓷捏偶印)」為台灣書印家陳正隆（小魚）相關文房與印章藏品，結合篆刻、器物與文人意趣。適合作為文房陳設與藝術收藏；實際材質、尺寸、印面與細節請以商品照片及實物為準。
113,RFA-STU-113,「台灣書印家陳正隆(小魚)印作-蕭颯(陶瓷印)」為台灣書印家陳正隆（小魚）相關文房與印章藏品，結合篆刻、器物與文人意趣。適合作為文房陳設與藝術收藏；實際材質、尺寸、印面與細節請以商品照片及實物為準。
21,RFA-ART-021,「台灣籍國際柏油大師邱錫勳柏油畫(zero to zwro)」為邱錫勳相關繪畫作品。作品題名「zero to zwro」依現有商品資料保留，建議後續再與作品原始標示核對。適合作為藝術收藏與空間展示；實際尺寸、媒材、簽名及作品細節請以商品照片、實物及相關資料為準。
22,RFA-ART-022,「台灣籍國際藝術大師康木祥木雕創作-李白」為康木祥相關木雕作品，題材依現有資料標示為「李白」。適合作為木雕藝術收藏與空間展示；實際材質、尺寸、簽名、年代與作品細節請以商品照片、實物及相關資料為準。
139,RFA-ART-139,「台灣華陶窯柴燒小器(滄桑)」為華陶窯相關柴燒小器，收錄於「台灣民間藝術創作」系列。適合作為陶藝器物欣賞、生活陳設或收藏；實際用途、尺寸、燒製效果、色澤與品況請以商品照片及實物為準。
138,RFA-ART-138,「台灣華陶窯柴燒花器(樸意)」為華陶窯相關柴燒花器，收錄於「台灣民間藝術創作」系列。適合作為花器使用、陶藝欣賞或空間陳設；實際尺寸、燒製效果、色澤與品況請以商品照片及實物為準。
137,RFA-ART-137,「台灣華陶窯柴燒花器(滿天星)」為華陶窯相關柴燒花器，收錄於「台灣民間藝術創作」系列。適合作為花器使用、陶藝欣賞或空間陳設；實際尺寸、燒製效果、色澤與品況請以商品照片及實物為準。
93,RFA-ART-093,「台灣銅鐵雕藝術家王忠龍-石上鳥」為雕刻作品，收錄於「台灣藝術家」相關系列。作品適合作為空間陳設、茶席搭配或藝術收藏；實際尺寸、色澤與細節請以商品照片及實物為準。
134,RFA-ART-134,「台灣陶藝家小茶器（二）」為台灣陶藝相關小型茶器，收錄於「台灣民間藝術創作」系列。目前資料未提供具名作者與更完整作品名稱，因此以（二）作為兩件同名商品的庫存識別。實際作者、材質、尺寸、釉色與品況請以商品照片及後續補充資料為準。
133,RFA-ART-133,「台灣陶藝家小茶器（一）」為台灣陶藝相關小型茶器，收錄於「台灣民間藝術創作」系列。目前資料未提供具名作者與更完整作品名稱，因此以（一）作為兩件同名商品的庫存識別。實際作者、材質、尺寸、釉色與品況請以商品照片及後續補充資料為準。
131,RFA-ART-131,「台灣陶藝家王龍德-碗/茶器(素)」為王龍德相關陶藝碗／茶器，收錄於「台灣民間藝術創作」系列。適合茶席使用、陶藝欣賞或收藏；實際尺寸、釉色、燒製細節與品況請以商品照片及實物為準。
132,RFA-ART-132,「台灣陶藝家王龍德-碗/茶器(雅)」為茶器／器物作品，由王龍德創作／製作，收錄於「台灣民間藝術創作」相關系列。作品適合作為空間陳設、茶席搭配或藝術收藏；實際尺寸、色澤與細節請以商品照片及實物為準。
130,RFA-ART-130,「台灣陶藝家童寶呈(小童)-吃飽泡個茶(茶器)」為茶器／器物作品，由童寶呈(小童)創作／製作，收錄於「台灣民間藝術創作」相關系列。作品適合作為空間陳設、茶席搭配或藝術收藏；實際尺寸、色澤與細節請以商品照片及實物為準。
128,RFA-ART-128,「台灣陶藝家童寶呈(小童)-壺身山水(茶器)」為茶器／器物作品，由童寶呈(小童)創作／製作，收錄於「台灣民間藝術創作」相關系列。作品適合作為空間陳設、茶席搭配或藝術收藏；實際尺寸、色澤與細節請以商品照片及實物為準。
129,RFA-ART-129,「台灣陶藝家童寶呈(小童)-混飯吃(茶器)」為茶器／器物作品，由童寶呈(小童)創作／製作，收錄於「台灣民間藝術創作」相關系列。作品適合作為空間陳設、茶席搭配或藝術收藏；實際尺寸、色澤與細節請以商品照片及實物為準。
136,RFA-ART-136,「台灣陶藝家陳境-碗/茶器(沉)」為茶器／器物作品，由陳境創作／製作，收錄於「台灣民間藝術創作」相關系列。作品適合作為空間陳設、茶席搭配或藝術收藏；實際尺寸、色澤與細節請以商品照片及實物為準。
135,RFA-ART-135,「台灣陶藝家陳境-碗/茶器(靜)」為茶器／器物作品，由陳境創作／製作，收錄於「台灣民間藝術創作」相關系列。作品適合作為空間陳設、茶席搭配或藝術收藏；實際尺寸、色澤與細節請以商品照片及實物為準。
121,RFA-LIF-121,「名美在其中椰殼雕面銀杯底10杯一組」為杯器藏品，以造型與材質質感作為主要視覺特色。適合居家、茶席或展示空間陳設，也可作為生活藝術收藏；實際尺寸、色澤與品況請以商品照片及實物為準。
53,RFA-HIM-053,「嘎巴拉念珠」為念珠藏品，屬藏傳喜馬拉雅藝術相關收藏。器物保留宗教藝術與傳統工藝的造型特色，適合專題收藏或空間陳設；實際年代、材質、尺寸與品況請以商品標示、照片及實物為準。
23,RFA-ANT-023,「天王佛首」為宗教造像藏品，歸於中國古物藝術收藏範疇。商品名稱所載年代、題材或來源標示沿用現有資料，適合古物與東方藝術收藏；實際材質、尺寸與品況請以商品照片及實物為準。
89,RFA-INC-089,「太平有象銅香爐」為香器藏品，屬香氛、香品與香器類收藏。器形適合香席、書房或展示空間陳設；實際年代、材質、尺寸與使用狀況請以商品照片及實物為準。
75,RFA-AFR-075,「布吉納法索人物像一對」為人物／造像作品，屬非洲部落藝術相關收藏。作品著重其人物、動物或祭儀器物的造型語彙，適合部落藝術收藏與空間陳設；實際材質、尺寸與品況請以商品照片及實物為準。
29,RFA-ART-029,「掏耳羅漢竹雕」為雕刻作品，收錄於「台灣生活藝術品」相關系列。作品適合作為空間陳設、茶席搭配或藝術收藏；實際尺寸、色澤與細節請以商品照片及實物為準。
27,RFA-JPN-027,「日本達摩一刀雕」為雕刻作品，歸於日本藝術生活類收藏。作品兼具日常器物與工藝欣賞價值，適合居家陳設或收藏；實際材質、尺寸與品況請以商品照片及實物為準。
48,RFA-SIL-048,「日本銀小壺」為日本銀製壺器，歸於銀製品與精工藝收藏。適合作為器物欣賞、茶席陳設或日本金工收藏；實際銀材質成分、尺寸、年代、使用狀況與品況請以商品標示、照片及實物為準。
55,RFA-HIM-055,「明代晚期西藏東部地區德格風格五股金剛杵 格魯傳承」為藏傳法器藏品，屬藏傳喜馬拉雅藝術相關收藏。器物保留宗教藝術與傳統工藝的造型特色，適合專題收藏或空間陳設；實際年代、材質、尺寸與品況請以商品標示、照片及實物為準。
28,RFA-ANT-028,「明式大頭佛銅佛」為宗教造像藏品，歸於中國古物藝術收藏範疇。商品名稱所載年代、題材或來源標示沿用現有資料，適合古物與東方藝術收藏；實際材質、尺寸與品況請以商品照片及實物為準。
25,RFA-ANT-025,「明清-送子觀音組件」為宗教造像藏品，歸於中國古物藝術收藏範疇。商品名稱所載年代、題材或來源標示沿用現有資料，適合古物與東方藝術收藏；實際材質、尺寸與品況請以商品照片及實物為準。
122,RFA-ANT-122,「明-白砂岩釋迦摩尼佛」為宗教造像藏品，歸於中國古物藝術收藏範疇。商品名稱所載年代、題材或來源標示沿用現有資料，適合古物與東方藝術收藏；實際材質、尺寸與品況請以商品照片及實物為準。
34,RFA-STU-034,「春秋-鈣化雲紋如意龜形勒」為文房百寶與古玉相關收藏。現有商品資料標示為春秋時期、鈣化雲紋如意龜形勒，並註記「有保證書」。年代、材質與鑑定資訊均沿用現有資料，實際內容請以商品實物及隨附文件為準。
14,RFA-FUR-014,「曲線優美非洲椅」為家具藏品，兼具器物造型與空間陳設價值。適合作為居家或收藏空間的特色家具／物件；實際尺寸、材質、承重狀況與品況請以商品標示、照片及實物為準。
68,RFA-STU-068,「李濟生款犬紐章」為文房與印章藏品，屬文房百寶與收藏雜項。其造型與材質特色適合文房陳設、案頭賞玩或專題收藏；實際年代、材質、尺寸與品況請以商品照片及實物為準。
42,RFA-STU-042,「樟木招財獅木雕文寵」為雕刻作品，屬文房百寶與收藏雜項。其造型與材質特色適合文房陳設、案頭賞玩或專題收藏；實際年代、材質、尺寸與品況請以商品照片及實物為準。
54,RFA-HIM-054,「清代中晚期白玉寺傳承-白銅金剛杵」為藏傳法器藏品，屬藏傳喜馬拉雅藝術相關收藏。器物保留宗教藝術與傳統工藝的造型特色，適合專題收藏或空間陳設；實際年代、材質、尺寸與品況請以商品標示、照片及實物為準。
60,RFA-HIM-060,「清代小尺寸隨身護持達瑪茹一對-噶陀寺」為藏傳法器藏品，屬藏傳喜馬拉雅藝術相關收藏。器物保留宗教藝術與傳統工藝的造型特色，適合專題收藏或空間陳設；實際年代、材質、尺寸與品況請以商品標示、照片及實物為準。
118,RFA-INC-118,「清-獅紐蓋銅爐」為香器藏品，屬香氛、香品與香器類收藏。器形適合香席、書房或展示空間陳設；實際年代、材質、尺寸與使用狀況請以商品照片及實物為準。
119,RFA-STU-119,「清-碧璽紙鎮」為紙鎮類文房器物，歸於文房百寶與收藏雜項。適合作為案頭文房陳設、器物賞玩或專題收藏；年代、碧璽材質、尺寸、來源與品況均請以商品照片、實物及相關資料為準。
117,RFA-INC-117,「清-紫檀蓋銅爐」為香器藏品，屬香氛、香品與香器類收藏。器形適合香席、書房或展示空間陳設；實際年代、材質、尺寸與使用狀況請以商品照片及實物為準。
37,RFA-STU-037,「清老竹根獅鈕裸章」為文房與印章藏品，屬文房百寶與收藏雜項。其造型與材質特色適合文房陳設、案頭賞玩或專題收藏；實際年代、材質、尺寸與品況請以商品照片及實物為準。
125,RFA-ANT-125,「清-觀音花崗岩」為宗教造像藏品，歸於中國古物藝術收藏範疇。商品名稱所載年代、題材或來源標示沿用現有資料，適合古物與東方藝術收藏；實際材質、尺寸與品況請以商品照片及實物為準。
124,RFA-ANT-124,「清-象鼻財神砂岩」為宗教造像藏品，歸於中國古物藝術收藏範疇。商品名稱所載年代、題材或來源標示沿用現有資料，適合古物與東方藝術收藏；實際材質、尺寸與品況請以商品照片及實物為準。
38,RFA-STU-038,「清-鄭文焯套印」為文房與印章藏品，屬文房百寶與收藏雜項。其造型與材質特色適合文房陳設、案頭賞玩或專題收藏；實際年代、材質、尺寸與品況請以商品照片及實物為準。
47,RFA-SIL-047,「清-銀製琴香爐小品」為銀製香器小品，歸於銀製品與精工藝收藏。適合作為香席、書房陳設或金工器物收藏；實際年代、銀材質成分、尺寸、使用狀況與品況請以商品標示、照片及實物為準。
83,RFA-ANT-083,「漢白玉佛頭」為宗教造像藏品，歸於中國古物藝術收藏範疇。商品名稱所載年代、題材或來源標示沿用現有資料，適合古物與東方藝術收藏；實際材質、尺寸與品況請以商品照片及實物為準。
40,RFA-STU-040,「漢青銅歸紐印」為文房與印章藏品，屬文房百寶與收藏雜項。其造型與材質特色適合文房陳設、案頭賞玩或專題收藏；實際年代、材質、尺寸與品況請以商品照片及實物為準。
32,RFA-STU-032,「獅紐玉印」為文房與印章藏品，屬文房百寶與收藏雜項。其造型與材質特色適合文房陳設、案頭賞玩或專題收藏；實際年代、材質、尺寸與品況請以商品照片及實物為準。
33,RFA-STU-033,「玉印」為文房與印章藏品，屬文房百寶與收藏雜項。其造型與材質特色適合文房陳設、案頭賞玩或專題收藏；實際年代、材質、尺寸與品況請以商品照片及實物為準。
49,RFA-JPN-049,「瑪瑙薄杯(一)」為杯器藏品，歸於日本藝術生活類收藏。作品兼具日常器物與工藝欣賞價值，適合居家陳設或收藏；實際材質、尺寸與品況請以商品照片及實物為準。
50,RFA-JPN-050,「瑪瑙薄杯(二)」為杯器藏品，歸於日本藝術生活類收藏。作品兼具日常器物與工藝欣賞價值，適合居家陳設或收藏；實際材質、尺寸與品況請以商品照片及實物為準。
44,RFA-STU-044,「瑪瑙青蛙+玉+綠松石寶串」為文房收藏小品，屬文房百寶與收藏雜項。其造型與材質特色適合文房陳設、案頭賞玩或專題收藏；實際年代、材質、尺寸與品況請以商品照片及實物為準。
80,RFA-ANT-080,「疑南北朝佛首」為宗教造像藏品，歸於中國古物藝術收藏範疇。商品名稱所載年代、題材或來源標示沿用現有資料，適合古物與東方藝術收藏；實際材質、尺寸與品況請以商品照片及實物為準。
123,RFA-ANT-123,「疑唐佛首」為宗教造像藏品，歸於中國古物藝術收藏範疇。商品名稱所載年代、題材或來源標示沿用現有資料，適合古物與東方藝術收藏；實際材質、尺寸與品況請以商品照片及實物為準。
26,RFA-ANT-026,「疑宋-坐姿羅漢像(木雕)」為雕刻作品，歸於中國古物藝術收藏範疇。商品名稱所載年代、題材或來源標示沿用現有資料，適合古物與東方藝術收藏；實際材質、尺寸與品況請以商品照片及實物為準。
126,RFA-ANT-126,「疑魏佛立碑」為中國骨董藝術相關宗教石刻／造像藏品。商品名稱以「疑魏」標示年代判斷，表示現有資料仍帶有不確定性。適合作為宗教藝術與古物專題收藏；實際年代、材質、尺寸、來源與品況請以商品照片、實物及相關鑑定資料為準。
45,RFA-SIL-045,「純銀雙龍手環一對」為佩飾作品，歸於銀製品與精工藝收藏。作品著重金工、編製或裝飾細節，適合佩戴、陳設或工藝收藏；實際材質成分、尺寸與品況請以商品標示、照片及實物為準。
51,RFA-HIM-051,「老車磲念珠」為念珠藏品，屬藏傳喜馬拉雅藝術相關收藏。器物保留宗教藝術與傳統工藝的造型特色，適合專題收藏或空間陳設；實際年代、材質、尺寸與品況請以商品標示、照片及實物為準。
52,RFA-HIM-052,「老車磲法束」為藏傳法器藏品，屬藏傳喜馬拉雅藝術相關收藏。器物保留宗教藝術與傳統工藝的造型特色，適合專題收藏或空間陳設；實際年代、材質、尺寸與品況請以商品標示、照片及實物為準。
65,RFA-SIL-065,「藏傳銀燭燈台」為藏傳銀製燭燈台，歸於銀製品與精工藝收藏。適合作為宗教藝術、燈具器物或金工收藏與展示；實際銀材質成分、尺寸、年代、使用狀況與品況請以商品標示、照片及實物為準。
79,RFA-AFR-079,「蜥蜴戒指」為非洲部落藝術相關戒指佩飾，以蜥蜴造型為現有商品題材標示。適合作為佩飾或部落金工收藏；實際材質、尺寸、可佩戴性、年代、來源與品況請以商品照片及實物為準。
31,RFA-STU-031,「蟬玉玦」為文房收藏小品，屬文房百寶與收藏雜項。其造型與材質特色適合文房陳設、案頭賞玩或專題收藏；實際年代、材質、尺寸與品況請以商品照片及實物為準。
127,RFA-ANT-127,「觀音佛首」為宗教造像藏品，歸於中國古物藝術收藏範疇。商品名稱所載年代、題材或來源標示沿用現有資料，適合古物與東方藝術收藏；實際材質、尺寸與品況請以商品照片及實物為準。
8,RFA-FUR-008,「迦納Ashanti Stool阿散蒂族木凳」為凳類家具，現有資料將其歸於非洲部落相關收藏。適合作為空間陳設、家具造型欣賞或專題收藏；實際材質、尺寸、年代、承重狀況與品況請以商品照片及實物為準。
15,RFA-FUR-015,「部落紋飾非洲椅」為家具藏品，兼具器物造型與空間陳設價值。適合作為居家或收藏空間的特色家具／物件；實際尺寸、材質、承重狀況與品況請以商品標示、照片及實物為準。
76,RFA-AFR-076,「酋長騎馬像聚寶盆」為人物／造像作品，屬非洲部落藝術相關收藏。作品著重其人物、動物或祭儀器物的造型語彙，適合部落藝術收藏與空間陳設；實際材質、尺寸與品況請以商品照片及實物為準。
64,RFA-HIM-064,「金箔銅佛」為宗教造像藏品，屬藏傳喜馬拉雅藝術相關收藏。器物保留宗教藝術與傳統工藝的造型特色，適合專題收藏或空間陳設；實際年代、材質、尺寸與品況請以商品標示、照片及實物為準。
46,RFA-SIL-046,「銀紐絲龍紋手鍊」為佩飾作品，歸於銀製品與精工藝收藏。作品著重金工、編製或裝飾細節，適合佩戴、陳設或工藝收藏；實際材質成分、尺寸與品況請以商品標示、照片及實物為準。
77,RFA-AFR-077,「銅乳戒指」為非洲部落藝術相關戒指佩飾。適合作為佩戴造型參考或部落金工收藏；實際材質、尺寸、可佩戴性、年代、來源與品況請以商品照片及實物為準。
66,RFA-HIM-066,「銅象鼻財神」為宗教造像藏品，屬藏傳喜馬拉雅藝術相關收藏。器物保留宗教藝術與傳統工藝的造型特色，適合專題收藏或空間陳設；實際年代、材質、尺寸與品況請以商品標示、照片及實物為準。
63,RFA-HIM-063,「鎏金普巴杵-噶陀寺」為藏傳法器藏品，屬藏傳喜馬拉雅藝術相關收藏。器物保留宗教藝術與傳統工藝的造型特色，適合專題收藏或空間陳設；實際年代、材質、尺寸與品況請以商品標示、照片及實物為準。
62,RFA-HIM-062,「鎏金金剛橛護身符-噶陀寺」為藏傳法器藏品，屬藏傳喜馬拉雅藝術相關收藏。器物保留宗教藝術與傳統工藝的造型特色，適合專題收藏或空間陳設；實際年代、材質、尺寸與品況請以商品標示、照片及實物為準。
57,RFA-HIM-057,「鐵製金剛小杵」為喜馬拉雅藝術藏品，屬藏傳喜馬拉雅藝術相關收藏。器物保留宗教藝術與傳統工藝的造型特色，適合專題收藏或空間陳設；實際年代、材質、尺寸與品況請以商品標示、照片及實物為準。
58,RFA-HIM-058,「阿彌陀佛經書扣」為藏傳法器藏品，屬藏傳喜馬拉雅藝術相關收藏。器物保留宗教藝術與傳統工藝的造型特色，適合專題收藏或空間陳設；實際年代、材質、尺寸與品況請以商品標示、照片及實物為準。
30,RFA-STU-030,「雙連玉印」為文房與印章藏品，屬文房百寶與收藏雜項。其造型與材質特色適合文房陳設、案頭賞玩或專題收藏；實際年代、材質、尺寸與品況請以商品照片及實物為準。
61,RFA-HIM-061,「雪獅經書扣」為藏傳法器藏品，屬藏傳喜馬拉雅藝術相關收藏。器物保留宗教藝術與傳統工藝的造型特色，適合專題收藏或空間陳設；實際年代、材質、尺寸與品況請以商品標示、照片及實物為準。
95,RFA-LIF-095,「青晶石柱擺件」為生活藝術與擺飾，以造型與材質質感作為主要視覺特色。適合居家、茶席或展示空間陳設，也可作為生活藝術收藏；實際尺寸、色澤與品況請以商品照片及實物為準。
73,RFA-AFR-073,「非洲Lega Inginga骨雕人物像」為人物／造像作品，屬非洲部落藝術相關收藏。作品著重其人物、動物或祭儀器物的造型語彙，適合部落藝術收藏與空間陳設；實際材質、尺寸與品況請以商品照片及實物為準。
18,RFA-AFR-018,「非洲人偶護符牙雕(一對)」為非洲部落藝術相關人物護符藏品，現有資料標示為一對。適合作為部落藝術、護符器物或人物造型專題收藏與展示；實際材質、尺寸、年代、來源與品況請以商品照片及實物為準。
74,RFA-AFR-074,"「非洲夫婦一對 Lega couple, Democratic Republic of the Congo」為非洲部落藝術相關人物造像藏品，現有資料標示為一對。適合作為非洲人物造像與部落藝術專題收藏；實際族群歸屬、材質、尺寸、年代、來源與品況請以商品照片、實物及相關資料為準。"
72,RFA-AFR-072,「非洲木雕人物像」為雕刻作品，屬非洲部落藝術相關收藏。作品著重其人物、動物或祭儀器物的造型語彙，適合部落藝術收藏與空間陳設；實際材質、尺寸與品況請以商品照片及實物為準。
71,RFA-AFR-071,「非洲木雕-母子像」為雕刻作品，屬非洲部落藝術相關收藏。作品著重其人物、動物或祭儀器物的造型語彙，適合部落藝術收藏與空間陳設；實際材質、尺寸與品況請以商品照片及實物為準。
81,RFA-AFR-081,「非洲木雕祭典用-預言鳥」為雕刻作品，屬非洲部落藝術相關收藏。作品著重其人物、動物或祭儀器物的造型語彙，適合部落藝術收藏與空間陳設；實際材質、尺寸與品況請以商品照片及實物為準。
9,RFA-FUR-009,「非洲部落藝術-動物造型青蛙椅」為家具藏品，兼具器物造型與空間陳設價值。適合作為居家或收藏空間的特色家具／物件；實際尺寸、材質、承重狀況與品況請以商品標示、照片及實物為準。
87,RFA-AFR-087,「非洲部落貨幣Currency」為非洲部落貨幣類收藏。適合作為部落貨幣或文化物件專題收藏與展示；實際材質、尺寸、年代、來源與品況請以商品照片及實物為準。
86,RFA-AFR-086,「非洲銅貨幣Currency」為非洲部落貨幣類收藏。適合作為部落貨幣、金工器物或文化物件專題收藏；實際材質、尺寸、年代、來源與品況請以商品照片及實物為準。
85,RFA-AFR-085,「非洲銅貨幣Currency(可單一售)」為非洲部落貨幣類收藏，現有資料註記可單一販售。適合作為部落貨幣、金工器物或文化物件專題收藏；實際材質、尺寸、年代、來源與單件販售方式請以商品標示及實物為準。
70,RFA-AFR-070,「非洲鐵雕藝術人物像」為雕刻作品，屬非洲部落藝術相關收藏。作品著重其人物、動物或祭儀器物的造型語彙，適合部落藝術收藏與空間陳設；實際材質、尺寸與品況請以商品照片及實物為準。
78,RFA-AFR-078,「預言鳥戒指」為非洲部落藝術相關戒指佩飾，以「預言鳥」造型為現有商品題材標示。適合作為佩飾或部落金工收藏；實際材質、尺寸、可佩戴性、年代、來源與品況請以商品照片及實物為準。
59,RFA-HIM-059,「馬頭明王普巴杵護符-噶陀寺」為藏傳法器藏品，屬藏傳喜馬拉雅藝術相關收藏。器物保留宗教藝術與傳統工藝的造型特色，適合專題收藏或空間陳設；實際年代、材質、尺寸與品況請以商品標示、照片及實物為準。
120,RFA-LIF-120,「骷顱頭手念珠」為手持念珠類器物，現有系列資料標示為「念珠」。適合作為念珠、佩持器物或造型收藏；實際材質、尺寸、使用方式、年代與品況請以商品照片及實物為準。
16,RFA-FUR-016,「鱷魚紋飾非洲椅」為家具藏品，兼具器物造型與空間陳設價值。適合作為居家或收藏空間的特色家具／物件；實際尺寸、材質、承重狀況與品況請以商品標示、照片及實物為準。
43,RFA-STU-043,「鹿角雕豼貅」為雕刻作品，屬文房百寶與收藏雜項。其造型與材質特色適合文房陳設、案頭賞玩或專題收藏；實際年代、材質、尺寸與品況請以商品照片及實物為準。
24,RFA-STU-024,「麒麟鹿角雕物」為鹿角雕刻類收藏，現有系列資料標示為「文房寵-茶寵」。適合作為文房、茶席陳設或雕刻小品收藏；實際材質、尺寸、年代、來源與品況請以商品照片及實物為準。
39,RFA-STU-039,「黃楊木雙獅小物/印(一對)」為文房收藏小品，屬文房百寶與收藏雜項。其造型與材質特色適合文房陳設、案頭賞玩或專題收藏；實際年代、材質、尺寸與品況請以商品照片及實物為準。
41,RFA-STU-041,「黃銅蛙」為文房收藏小品，屬文房百寶與收藏雜項。其造型與材質特色適合文房陳設、案頭賞玩或專題收藏；實際年代、材質、尺寸與品況請以商品照片及實物為準。
2,RFA-FUR-002,「中國19世紀清朝精緻漆木珍珠母貝桌架」為桌架類家具藏品。依現有商品名稱標示，其年代為19世紀清朝，並以漆木與珍珠母貝裝飾為主要特色。適合作為空間陳設、家具工藝欣賞或專題收藏；實際年代、材質、尺寸、修復狀況與品況請以商品照片、實物及相關文件為準。
